-- phpMyAdmin SQL Dump
-- version 5.1.0
-- https://www.phpmyadmin.net/
--
-- Host: 127.0.0.1
-- Generation Time: Jun 28, 2021 at 04:10 PM
-- Server version: 10.1.30-MariaDB
-- PHP Version: 7.3.28

SET SQL_MODE = "NO_AUTO_VALUE_ON_ZERO";
START TRANSACTION;
SET time_zone = "+00:00";


/*!40101 SET @OLD_CHARACTER_SET_CLIENT=@@CHARACTER_SET_CLIENT */;
/*!40101 SET @OLD_CHARACTER_SET_RESULTS=@@CHARACTER_SET_RESULTS */;
/*!40101 SET @OLD_COLLATION_CONNECTION=@@COLLATION_CONNECTION */;
/*!40101 SET NAMES utf8mb4 */;

--
-- Database: `qrcode_attendance`
--

-- --------------------------------------------------------

--
-- Table structure for table `accounts`
--

CREATE TABLE `accounts` (
  `id` int(11) NOT NULL,
  `username` varchar(50) NOT NULL,
  `password` varchar(50) NOT NULL,
  `role` varchar(20) NOT NULL
) ENGINE=InnoDB DEFAULT CHARSET=utf8mb4;

--
-- Dumping data for table `accounts`
--

INSERT INTO `accounts` (`id`, `username`, `password`, `role`) VALUES
(1, 'admin', 'admin', 'admin'),
(19, 'nemesiomacabale@gmail.com', 'teacher', 'teacher'),
(20, 'abrajanoxylyn@gmail.com', 'teacher', 'teacher');

-- --------------------------------------------------------

--
-- Table structure for table `attendances`
--

CREATE TABLE `attendances` (
  `id` int(11) NOT NULL,
  `schedule_id` int(11) NOT NULL,
  `student_id` varchar(11) NOT NULL,
  `teacher_id` int(11) NOT NULL,
  `time_in` datetime NOT NULL,
  `status` varchar(20) NOT NULL,
  `created_at` date NOT NULL,
  `updated_at` date NOT NULL
) ENGINE=InnoDB DEFAULT CHARSET=utf8mb4;

--
-- Dumping data for table `attendances`
--

INSERT INTO `attendances` (`id`, `schedule_id`, `student_id`, `teacher_id`, `time_in`, `status`, `created_at`, `updated_at`) VALUES
(111, 5, '21-0001', 9, '2021-06-23 07:00:00', 'present', '2021-06-23', '2021-06-23'),
(112, 5, '21-0003', 9, '2021-06-23 07:00:00', 'present', '2021-06-23', '2021-06-23'),
(113, 5, '21-0005', 9, '2021-06-23 07:00:00', 'present', '2021-06-23', '2021-06-23'),
(114, 5, '21-0007', 9, '2021-06-23 07:00:00', 'present', '2021-06-23', '2021-06-23'),
(115, 5, '21-0009', 9, '2021-06-23 07:00:00', 'present', '2021-06-23', '2021-06-23'),
(116, 5, '21-0010', 9, '2021-06-23 07:00:00', 'present', '2021-06-23', '2021-06-23'),
(117, 5, '21-0002', 9, '2021-06-23 07:00:00', 'absent', '2021-06-23', '2021-06-23'),
(118, 5, '21-0004', 9, '2021-06-23 07:00:00', 'absent', '2021-06-23', '2021-06-23'),
(119, 5, '21-0006', 9, '2021-06-23 07:00:00', 'absent', '2021-06-23', '2021-06-23'),
(120, 5, '21-0008', 9, '2021-06-23 07:00:00', 'absent', '2021-06-23', '2021-06-23'),
(121, 6, '21-1001', 9, '2021-06-23 08:00:00', 'present', '2021-06-23', '2021-06-23'),
(122, 6, '21-1003', 9, '2021-06-23 08:00:00', 'present', '2021-06-23', '2021-06-23'),
(123, 6, '21-1005', 9, '2021-06-23 08:00:00', 'present', '2021-06-23', '2021-06-23'),
(124, 6, '21-1007', 9, '2021-06-23 08:00:00', 'present', '2021-06-23', '2021-06-23'),
(125, 6, '21-1010', 9, '2021-06-23 08:00:00', 'present', '2021-06-23', '2021-06-23'),
(126, 6, '21-1009', 9, '2021-06-23 08:00:00', 'present', '2021-06-23', '2021-06-23'),
(127, 6, '21-1002', 9, '2021-06-23 08:00:00', 'absent', '2021-06-23', '2021-06-23'),
(128, 6, '21-1004', 9, '2021-06-23 08:00:00', 'absent', '2021-06-23', '2021-06-23'),
(129, 6, '21-1006', 9, '2021-06-23 08:00:00', 'absent', '2021-06-23', '2021-06-23'),
(130, 6, '21-1008', 9, '2021-06-23 08:00:00', 'absent', '2021-06-23', '2021-06-23'),
(131, 7, '21-1120', 9, '2021-06-23 09:00:00', 'present', '2021-06-23', '2021-06-23'),
(132, 7, '21-1117', 9, '2021-06-23 09:00:00', 'present', '2021-06-23', '2021-06-23'),
(133, 7, '21-1115', 9, '2021-06-23 09:00:00', 'present', '2021-06-23', '2021-06-23'),
(134, 7, '21-1111', 9, '2021-06-23 09:00:00', 'present', '2021-06-23', '2021-06-23'),
(135, 7, '21-1112', 9, '2021-06-23 09:00:00', 'absent', '2021-06-23', '2021-06-23'),
(136, 7, '21-1113', 9, '2021-06-23 09:00:00', 'absent', '2021-06-23', '2021-06-23'),
(137, 7, '21-1114', 9, '2021-06-23 09:00:00', 'absent', '2021-06-23', '2021-06-23'),
(138, 7, '21-1116', 9, '2021-06-23 09:00:00', 'absent', '2021-06-23', '2021-06-23'),
(139, 7, '21-1118', 9, '2021-06-23 09:00:00', 'absent', '2021-06-23', '2021-06-23'),
(140, 7, '21-1119', 9, '2021-06-23 09:00:00', 'absent', '2021-06-23', '2021-06-23'),
(141, 7, '19-0077', 9, '2021-06-23 09:00:00', 'present', '2021-06-23', '2021-06-23'),
(142, 5, '21-0001', 9, '2021-06-24 07:00:00', 'absent', '2021-06-24', '2021-06-24'),
(143, 5, '21-0002', 9, '2021-06-24 07:00:00', 'absent', '2021-06-24', '2021-06-24'),
(144, 5, '21-0003', 9, '2021-06-24 07:00:00', 'absent', '2021-06-24', '2021-06-24'),
(145, 5, '21-0004', 9, '2021-06-24 07:00:00', 'absent', '2021-06-24', '2021-06-24'),
(146, 5, '21-0005', 9, '2021-06-24 07:00:00', 'absent', '2021-06-24', '2021-06-24'),
(147, 5, '21-0006', 9, '2021-06-24 07:00:00', 'absent', '2021-06-24', '2021-06-24'),
(148, 5, '21-0007', 9, '2021-06-24 07:00:00', 'absent', '2021-06-24', '2021-06-24'),
(149, 5, '21-0008', 9, '2021-06-24 07:00:00', 'absent', '2021-06-24', '2021-06-24'),
(150, 5, '21-0009', 9, '2021-06-24 07:00:00', 'absent', '2021-06-24', '2021-06-24'),
(151, 5, '21-0010', 9, '2021-06-24 07:00:00', 'absent', '2021-06-24', '2021-06-24'),
(152, 6, '21-1001', 9, '2021-06-24 08:00:00', 'absent', '2021-06-24', '2021-06-24'),
(153, 6, '21-1002', 9, '2021-06-24 08:00:00', 'absent', '2021-06-24', '2021-06-24'),
(154, 6, '21-1003', 9, '2021-06-24 08:00:00', 'absent', '2021-06-24', '2021-06-24'),
(155, 6, '21-1004', 9, '2021-06-24 08:00:00', 'absent', '2021-06-24', '2021-06-24'),
(156, 6, '21-1005', 9, '2021-06-24 08:00:00', 'absent', '2021-06-24', '2021-06-24'),
(157, 6, '21-1006', 9, '2021-06-24 08:00:00', 'absent', '2021-06-24', '2021-06-24'),
(158, 6, '21-1007', 9, '2021-06-24 08:00:00', 'absent', '2021-06-24', '2021-06-24'),
(159, 6, '21-1008', 9, '2021-06-24 08:00:00', 'absent', '2021-06-24', '2021-06-24'),
(160, 6, '21-1009', 9, '2021-06-24 08:00:00', 'absent', '2021-06-24', '2021-06-24'),
(161, 6, '21-1010', 9, '2021-06-24 08:00:00', 'absent', '2021-06-24', '2021-06-24'),
(162, 7, '21-1111', 9, '2021-06-24 09:00:00', 'absent', '2021-06-24', '2021-06-24'),
(163, 7, '21-1112', 9, '2021-06-24 09:00:00', 'absent', '2021-06-24', '2021-06-24'),
(164, 7, '21-1113', 9, '2021-06-24 09:00:00', 'absent', '2021-06-24', '2021-06-24'),
(165, 7, '21-1114', 9, '2021-06-24 09:00:00', 'absent', '2021-06-24', '2021-06-24'),
(166, 7, '21-1115', 9, '2021-06-24 09:00:00', 'absent', '2021-06-24', '2021-06-24'),
(167, 7, '21-1116', 9, '2021-06-24 09:00:00', 'absent', '2021-06-24', '2021-06-24'),
(168, 7, '21-1117', 9, '2021-06-24 09:00:00', 'absent', '2021-06-24', '2021-06-24'),
(169, 7, '21-1118', 9, '2021-06-24 09:00:00', 'absent', '2021-06-24', '2021-06-24'),
(170, 7, '21-1119', 9, '2021-06-24 09:00:00', 'absent', '2021-06-24', '2021-06-24'),
(171, 7, '21-1120', 9, '2021-06-24 09:00:00', 'absent', '2021-06-24', '2021-06-24'),
(172, 7, '19-0077', 9, '2021-06-24 09:00:00', 'absent', '2021-06-24', '2021-06-24'),
(173, 5, '21-0001', 9, '2021-06-26 07:00:00', 'present', '2021-06-26', '2021-06-26'),
(174, 5, '21-0003', 9, '2021-06-26 07:00:00', 'present', '2021-06-26', '2021-06-26'),
(175, 5, '21-0005', 9, '2021-06-26 07:00:00', 'present', '2021-06-26', '2021-06-26'),
(176, 5, '21-0007', 9, '2021-06-26 07:00:00', 'present', '2021-06-26', '2021-06-26'),
(177, 5, '21-0009', 9, '2021-06-26 07:00:00', 'present', '2021-06-26', '2021-06-26'),
(178, 5, '21-0010', 9, '2021-06-26 07:00:00', 'present', '2021-06-26', '2021-06-26'),
(179, 5, '21-0002', 9, '2021-06-26 07:00:00', 'absent', '2021-06-26', '2021-06-26'),
(180, 5, '21-0004', 9, '2021-06-26 07:00:00', 'absent', '2021-06-26', '2021-06-26'),
(181, 5, '21-0006', 9, '2021-06-26 07:00:00', 'absent', '2021-06-26', '2021-06-26'),
(182, 5, '21-0008', 9, '2021-06-26 07:00:00', 'absent', '2021-06-26', '2021-06-26'),
(183, 6, '21-1001', 9, '2021-06-26 08:00:00', 'present', '2021-06-26', '2021-06-26'),
(184, 6, '21-1003', 9, '2021-06-26 08:00:00', 'present', '2021-06-26', '2021-06-26'),
(185, 6, '21-1005', 9, '2021-06-26 08:00:00', 'present', '2021-06-26', '2021-06-26'),
(186, 6, '21-1007', 9, '2021-06-26 08:00:00', 'present', '2021-06-26', '2021-06-26'),
(187, 6, '21-1010', 9, '2021-06-26 08:00:00', 'present', '2021-06-26', '2021-06-26'),
(188, 6, '21-1009', 9, '2021-06-26 08:00:00', 'present', '2021-06-26', '2021-06-26'),
(189, 6, '21-1002', 9, '2021-06-26 08:00:00', 'absent', '2021-06-26', '2021-06-26'),
(190, 6, '21-1004', 9, '2021-06-26 08:00:00', 'absent', '2021-06-26', '2021-06-26'),
(191, 6, '21-1006', 9, '2021-06-26 08:00:00', 'absent', '2021-06-26', '2021-06-26'),
(192, 6, '21-1008', 9, '2021-06-26 08:00:00', 'absent', '2021-06-26', '2021-06-26'),
(193, 7, '21-1111', 9, '2021-06-26 09:00:00', 'present', '2021-06-26', '2021-06-26'),
(194, 7, '21-1115', 9, '2021-06-26 09:00:00', 'present', '2021-06-26', '2021-06-26'),
(195, 7, '21-1117', 9, '2021-06-26 09:00:00', 'present', '2021-06-26', '2021-06-26'),
(196, 7, '21-1120', 9, '2021-06-26 09:00:00', 'present', '2021-06-26', '2021-06-26'),
(197, 7, '21-1112', 9, '2021-06-26 09:00:00', 'absent', '2021-06-26', '2021-06-26'),
(198, 7, '21-1113', 9, '2021-06-26 09:00:00', 'absent', '2021-06-26', '2021-06-26'),
(199, 7, '21-1114', 9, '2021-06-26 09:00:00', 'absent', '2021-06-26', '2021-06-26'),
(200, 7, '21-1116', 9, '2021-06-26 09:00:00', 'absent', '2021-06-26', '2021-06-26'),
(201, 7, '21-1118', 9, '2021-06-26 09:00:00', 'absent', '2021-06-26', '2021-06-26'),
(202, 7, '21-1119', 9, '2021-06-26 09:00:00', 'absent', '2021-06-26', '2021-06-26'),
(203, 7, '19-0077', 9, '2021-06-26 09:00:00', 'absent', '2021-06-26', '2021-06-26'),
(204, 5, '21-0002', 9, '2021-06-27 07:00:00', 'present', '2021-06-27', '2021-06-27'),
(205, 5, '21-0003', 9, '2021-06-27 07:00:00', 'present', '2021-06-27', '2021-06-27'),
(206, 5, '21-0004', 9, '2021-06-27 07:00:00', 'present', '2021-06-27', '2021-06-27'),
(207, 5, '21-0005', 9, '2021-06-27 07:00:00', 'present', '2021-06-27', '2021-06-27'),
(208, 5, '21-0006', 9, '2021-06-27 07:00:00', 'present', '2021-06-27', '2021-06-27'),
(209, 5, '21-0007', 9, '2021-06-27 07:00:00', 'present', '2021-06-27', '2021-06-27'),
(210, 5, '21-0008', 9, '2021-06-27 07:00:00', 'present', '2021-06-27', '2021-06-27'),
(211, 5, '21-0009', 9, '2021-06-27 07:00:00', 'present', '2021-06-27', '2021-06-27'),
(212, 5, '21-0010', 9, '2021-06-27 07:00:00', 'present', '2021-06-27', '2021-06-27'),
(213, 5, '21-0001', 9, '2021-06-27 07:00:00', 'present', '2021-06-27', '2021-06-27'),
(214, 6, '21-1001', 9, '2021-06-27 08:00:00', 'present', '2021-06-27', '2021-06-27'),
(215, 6, '21-1002', 9, '2021-06-27 08:00:00', 'present', '2021-06-27', '2021-06-27'),
(216, 6, '21-1003', 9, '2021-06-27 08:00:00', 'present', '2021-06-27', '2021-06-27'),
(217, 6, '21-1004', 9, '2021-06-27 08:00:00', 'present', '2021-06-27', '2021-06-27'),
(218, 6, '21-1005', 9, '2021-06-27 08:00:00', 'present', '2021-06-27', '2021-06-27'),
(219, 6, '21-1006', 9, '2021-06-27 08:00:00', 'present', '2021-06-27', '2021-06-27'),
(220, 6, '21-1007', 9, '2021-06-27 08:00:00', 'present', '2021-06-27', '2021-06-27'),
(221, 6, '21-1009', 9, '2021-06-27 08:00:00', 'present', '2021-06-27', '2021-06-27'),
(222, 6, '21-1010', 9, '2021-06-27 08:00:00', 'present', '2021-06-27', '2021-06-27'),
(223, 6, '21-1008', 9, '2021-06-27 08:00:00', 'absent', '2021-06-27', '2021-06-27'),
(224, 7, '21-1120', 9, '2021-06-27 09:00:00', 'present', '2021-06-27', '2021-06-27'),
(225, 7, '21-1119', 9, '2021-06-27 09:00:00', 'present', '2021-06-27', '2021-06-27'),
(226, 7, '21-1118', 9, '2021-06-27 09:00:00', 'present', '2021-06-27', '2021-06-27'),
(227, 7, '21-1117', 9, '2021-06-27 09:00:00', 'present', '2021-06-27', '2021-06-27'),
(228, 7, '21-1116', 9, '2021-06-27 09:00:00', 'present', '2021-06-27', '2021-06-27'),
(229, 7, '21-1115', 9, '2021-06-27 09:00:00', 'present', '2021-06-27', '2021-06-27'),
(230, 7, '21-1114', 9, '2021-06-27 09:00:00', 'present', '2021-06-27', '2021-06-27'),
(231, 7, '21-1113', 9, '2021-06-27 09:00:00', 'present', '2021-06-27', '2021-06-27'),
(232, 7, '21-1112', 9, '2021-06-27 09:00:00', 'present', '2021-06-27', '2021-06-27'),
(233, 7, '21-1111', 9, '2021-06-27 09:00:00', 'present', '2021-06-27', '2021-06-27'),
(234, 7, '19-0077', 9, '2021-06-27 09:00:00', 'present', '2021-06-27', '2021-06-27'),
(235, 7, '21-1120', 9, '2021-06-25 09:00:00', 'present', '2021-06-25', '2021-06-25'),
(236, 7, '21-1119', 9, '2021-06-25 09:00:00', 'present', '2021-06-25', '2021-06-25'),
(237, 7, '21-1118', 9, '2021-06-25 09:00:00', 'present', '2021-06-25', '2021-06-25'),
(238, 7, '21-1117', 9, '2021-06-25 09:00:00', 'present', '2021-06-25', '2021-06-25'),
(239, 7, '21-1116', 9, '2021-06-25 09:00:00', 'present', '2021-06-25', '2021-06-25'),
(240, 7, '21-1115', 9, '2021-06-25 09:00:00', 'present', '2021-06-25', '2021-06-25'),
(241, 7, '21-1114', 9, '2021-06-25 09:00:00', 'present', '2021-06-25', '2021-06-25'),
(242, 7, '21-1113', 9, '2021-06-25 09:00:00', 'present', '2021-06-25', '2021-06-25'),
(243, 7, '21-1112', 9, '2021-06-25 09:00:00', 'present', '2021-06-25', '2021-06-25'),
(244, 7, '21-1111', 9, '2021-06-25 09:00:00', 'present', '2021-06-25', '2021-06-25'),
(245, 7, '19-0077', 9, '2021-06-25 09:00:00', 'present', '2021-06-25', '2021-06-25'),
(246, 7, '21-1120', 9, '2021-06-28 09:00:00', 'present', '2021-06-28', '2021-06-28'),
(247, 7, '21-1119', 9, '2021-06-28 09:00:00', 'present', '2021-06-28', '2021-06-28'),
(248, 7, '21-1118', 9, '2021-06-28 09:00:00', 'present', '2021-06-28', '2021-06-28'),
(249, 7, '21-1117', 9, '2021-06-28 09:00:00', 'present', '2021-06-28', '2021-06-28'),
(250, 7, '21-1116', 9, '2021-06-28 09:00:00', 'present', '2021-06-28', '2021-06-28'),
(251, 7, '21-1115', 9, '2021-06-28 09:00:00', 'present', '2021-06-28', '2021-06-28'),
(252, 7, '21-1114', 9, '2021-06-28 09:00:00', 'present', '2021-06-28', '2021-06-28'),
(253, 7, '21-1113', 9, '2021-06-28 09:00:00', 'present', '2021-06-28', '2021-06-28'),
(254, 7, '21-1112', 9, '2021-06-28 09:00:00', 'present', '2021-06-28', '2021-06-28'),
(255, 7, '21-1111', 9, '2021-06-28 09:00:00', 'present', '2021-06-28', '2021-06-28'),
(256, 7, '19-0077', 9, '2021-06-28 09:00:00', 'present', '2021-06-28', '2021-06-28'),
(257, 5, '21-0001', 9, '2021-06-25 07:00:00', 'present', '2021-06-25', '2021-06-25'),
(258, 5, '21-0002', 9, '2021-06-25 07:00:00', 'present', '2021-06-25', '2021-06-25'),
(259, 5, '21-0003', 9, '2021-06-25 07:00:00', 'present', '2021-06-25', '2021-06-25'),
(260, 5, '21-0004', 9, '2021-06-25 07:00:00', 'present', '2021-06-25', '2021-06-25'),
(261, 5, '21-0005', 9, '2021-06-25 07:00:00', 'present', '2021-06-25', '2021-06-25'),
(262, 5, '21-0006', 9, '2021-06-25 07:00:00', 'present', '2021-06-25', '2021-06-25'),
(263, 5, '21-0007', 9, '2021-06-25 07:00:00', 'present', '2021-06-25', '2021-06-25'),
(264, 5, '21-0008', 9, '2021-06-25 07:00:00', 'present', '2021-06-25', '2021-06-25'),
(265, 5, '21-0009', 9, '2021-06-25 07:00:00', 'present', '2021-06-25', '2021-06-25'),
(266, 5, '21-0010', 9, '2021-06-25 07:00:00', 'present', '2021-06-25', '2021-06-25'),
(267, 6, '21-1002', 9, '2021-06-25 08:00:00', 'present', '2021-06-25', '2021-06-25'),
(268, 6, '21-1001', 9, '2021-06-25 08:00:00', 'present', '2021-06-25', '2021-06-25'),
(269, 6, '21-1003', 9, '2021-06-25 08:00:00', 'present', '2021-06-25', '2021-06-25'),
(270, 6, '21-1004', 9, '2021-06-25 08:00:00', 'present', '2021-06-25', '2021-06-25'),
(271, 6, '21-1005', 9, '2021-06-25 08:00:00', 'present', '2021-06-25', '2021-06-25'),
(272, 6, '21-1006', 9, '2021-06-25 08:00:00', 'present', '2021-06-25', '2021-06-25'),
(273, 6, '21-1007', 9, '2021-06-25 08:00:00', 'present', '2021-06-25', '2021-06-25'),
(274, 6, '21-1008', 9, '2021-06-25 08:00:00', 'present', '2021-06-25', '2021-06-25'),
(275, 6, '21-1009', 9, '2021-06-25 08:00:00', 'present', '2021-06-25', '2021-06-25'),
(276, 6, '21-1010', 9, '2021-06-25 08:00:00', 'present', '2021-06-25', '2021-06-25'),
(277, 5, '21-0001', 9, '2021-06-28 07:00:00', 'present', '2021-06-28', '2021-06-28'),
(278, 5, '21-0002', 9, '2021-06-28 07:00:00', 'present', '2021-06-28', '2021-06-28'),
(279, 5, '21-0003', 9, '2021-06-28 07:00:00', 'present', '2021-06-28', '2021-06-28'),
(280, 5, '21-0004', 9, '2021-06-28 07:00:00', 'present', '2021-06-28', '2021-06-28'),
(281, 5, '21-0005', 9, '2021-06-28 07:00:00', 'present', '2021-06-28', '2021-06-28'),
(282, 5, '21-0006', 9, '2021-06-28 07:00:00', 'present', '2021-06-28', '2021-06-28'),
(283, 5, '21-0007', 9, '2021-06-28 07:00:00', 'present', '2021-06-28', '2021-06-28'),
(284, 5, '21-0008', 9, '2021-06-28 07:00:00', 'present', '2021-06-28', '2021-06-28'),
(285, 5, '21-0009', 9, '2021-06-28 07:00:00', 'present', '2021-06-28', '2021-06-28'),
(286, 5, '21-0010', 9, '2021-06-28 07:00:00', 'present', '2021-06-28', '2021-06-28'),
(287, 6, '21-1001', 9, '2021-06-28 08:00:00', 'present', '2021-06-28', '2021-06-28'),
(288, 6, '21-1002', 9, '2021-06-28 08:00:00', 'present', '2021-06-28', '2021-06-28'),
(289, 6, '21-1003', 9, '2021-06-28 08:00:00', 'present', '2021-06-28', '2021-06-28'),
(290, 6, '21-1004', 9, '2021-06-28 08:00:00', 'present', '2021-06-28', '2021-06-28'),
(291, 6, '21-1005', 9, '2021-06-28 08:00:00', 'present', '2021-06-28', '2021-06-28'),
(292, 6, '21-1006', 9, '2021-06-28 08:00:00', 'present', '2021-06-28', '2021-06-28'),
(293, 6, '21-1007', 9, '2021-06-28 08:00:00', 'present', '2021-06-28', '2021-06-28'),
(294, 6, '21-1008', 9, '2021-06-28 08:00:00', 'present', '2021-06-28', '2021-06-28'),
(295, 6, '21-1009', 9, '2021-06-28 08:00:00', 'present', '2021-06-28', '2021-06-28'),
(296, 6, '21-1010', 9, '2021-06-28 08:00:00', 'present', '2021-06-28', '2021-06-28');

-- --------------------------------------------------------

--
-- Table structure for table `schedules`
--

CREATE TABLE `schedules` (
  `id` int(11) NOT NULL,
  `subject_name` varchar(50) NOT NULL,
  `subject_code` varchar(100) NOT NULL,
  `units` int(11) NOT NULL,
  `start_time` time NOT NULL,
  `end_time` time NOT NULL,
  `day` varchar(20) NOT NULL,
  `room` varchar(20) NOT NULL,
  `section_id` int(11) NOT NULL,
  `teacher_id` int(11) NOT NULL,
  `created_at` date NOT NULL,
  `updated_at` date NOT NULL,
  `semester` varchar(50) NOT NULL,
  `school_year` varchar(50) NOT NULL
) ENGINE=InnoDB DEFAULT CHARSET=utf8mb4;

--
-- Dumping data for table `schedules`
--

INSERT INTO `schedules` (`id`, `subject_name`, `subject_code`, `units`, `start_time`, `end_time`, `day`, `room`, `section_id`, `teacher_id`, `created_at`, `updated_at`, `semester`, `school_year`) VALUES
(5, 'Computer Programming 1', 'ComSci1100A', 3, '07:00:00', '09:00:00', 'M-W', 'IT LEC 100', 6, 9, '2021-06-23', '2021-06-23', '2nd Semester', '2020-2021'),
(6, 'Computer Programming 2', 'ComSci1120A', 3, '08:00:00', '10:00:00', 'T-TH', 'IT LEC 100', 7, 9, '2021-06-23', '2021-06-23', '2nd Semester', '2020-2021'),
(7, 'Computer Programming 3', 'ComSci1130A', 3, '09:00:00', '11:00:00', 'W-F', 'IT LEC 100', 8, 9, '2021-06-23', '2021-06-23', '2nd Semester', '2020-2021');

-- --------------------------------------------------------

--
-- Table structure for table `sections`
--

CREATE TABLE `sections` (
  `id` int(11) NOT NULL,
  `section_name` varchar(50) NOT NULL,
  `created_at` date NOT NULL,
  `updated_at` date NOT NULL,
  `section_code` varchar(10) NOT NULL
) ENGINE=InnoDB DEFAULT CHARSET=utf8mb4;

--
-- Dumping data for table `sections`
--

INSERT INTO `sections` (`id`, `section_name`, `created_at`, `updated_at`, `section_code`) VALUES
(6, 'First Year', '2021-06-05', '2021-06-05', 'BSIT 1-1'),
(7, 'Second Year', '2021-06-05', '2021-06-23', 'BSIT 2-1'),
(8, 'Third Year', '2021-06-23', '2021-06-23', 'BSIT 3-1');

-- --------------------------------------------------------

--
-- Table structure for table `students`
--

CREATE TABLE `students` (
  `id` int(11) NOT NULL,
  `student_id` varchar(20) NOT NULL,
  `first_name` varchar(50) NOT NULL,
  `last_name` varchar(50) NOT NULL,
  `middle_initial` varchar(10) DEFAULT NULL,
  `college` varchar(50) DEFAULT NULL,
  `degree` varchar(50) DEFAULT NULL,
  `created_at` date NOT NULL,
  `updated_at` date NOT NULL,
  `section_id` int(11) NOT NULL,
  `ex` varchar(20) NOT NULL,
  `department` varchar(50) NOT NULL
) ENGINE=InnoDB DEFAULT CHARSET=utf8mb4;

--
-- Dumping data for table `students`
--

INSERT INTO `students` (`id`, `student_id`, `first_name`, `last_name`, `middle_initial`, `college`, `degree`, `created_at`, `updated_at`, `section_id`, `ex`, `department`) VALUES
(11, '21-0001', 'Kim', 'Asuncion', '', 'CEN', 'BSIT', '2021-06-05', '2021-06-23', 6, '', 'Information Technology'),
(12, '21-0002', 'Pau', 'Pau', '', 'CEN', 'BSIT', '2021-06-05', '2021-06-23', 6, '', 'Information Technology'),
(13, '21-0003', 'Lester', 'Lester', '', 'CEN', 'BSIT', '2021-06-05', '2021-06-23', 6, '', 'Information Technology'),
(14, '21-0004', 'Jet', 'Jet', '', 'CEN', 'BSIT', '2021-06-05', '2021-06-23', 6, '', 'Information Technology'),
(15, '21-0005', 'Cedric', 'Cedric', '', 'CEN', 'BSIT', '2021-06-05', '2021-06-23', 6, '', 'Information Technology'),
(16, '21-0006', 'Kevin', 'Kevin', '', 'CEN', 'BSIT', '2021-06-05', '2021-06-23', 6, '', 'Information Technology'),
(18, '21-0007', 'John', 'Doe', '', 'CEN', 'BSIT', '2021-06-23', '2021-06-23', 6, '', 'Information Technology'),
(19, '21-0008', 'Mike', 'Tan', '', 'CEN', 'BSIT', '2021-06-23', '2021-06-23', 6, 'Jr.', 'Information Technology'),
(20, '21-0009', 'Kyle', 'Ramos', '', 'CEN', 'BSIT', '2021-06-23', '2021-06-23', 6, 'Jr.', 'Information Technology'),
(21, '21-0010', 'miko', 'Cruz', '', 'CEN', 'BSIT', '2021-06-23', '2021-06-23', 6, '', 'Information Technology'),
(22, '21-1001', 'Michelle', 'Cruz', '', 'CEN', 'BSIT', '2021-06-23', '2021-06-23', 7, '', 'Information Technology'),
(23, '21-1002', 'Princess', 'Tan', '', 'CEN', 'BSIT', '2021-06-23', '2021-06-23', 7, '', 'Information Technology'),
(24, '21-1003', 'Joe', 'Cruz', '', 'CEN', 'BSIT', '2021-06-23', '2021-06-23', 7, 'Jr.', 'Information Technology'),
(25, '21-1004', 'Mich', 'Dela Cruz', '', 'CEN', 'BSIT', '2021-06-23', '2021-06-23', 7, '', 'Information Technology'),
(26, '21-1005', 'Boy', 'Sen', '', 'CEN', 'BSIT', '2021-06-23', '2021-06-23', 7, 'Jr.', 'Information Technology'),
(27, '21-1006', 'Ced', 'Pais', '', 'CEN', 'BSIT', '2021-06-23', '2021-06-23', 7, 'Jr.', 'Information Technology'),
(28, '21-1007', 'Merwin Jan', 'Bernardo', '', 'CEN', 'BSIT', '2021-06-23', '2021-06-23', 7, 'Jr.', 'Information Technology'),
(29, '21-1008', 'Michael', 'Angelo', '', 'CEN', 'BSIT', '2021-06-23', '2021-06-23', 7, 'Jr.', 'Information Technology'),
(30, '21-1009', 'Mikka', 'Ella', '', 'CEN', 'BSIT', '2021-06-23', '2021-06-23', 7, '', 'Information Technology'),
(31, '21-1010', 'Raymark', 'Tan', '', 'CEN', 'BSIT', '2021-06-23', '2021-06-23', 7, 'Jr.', 'Information Technology'),
(32, '21-1111', 'Mik', 'Mik', '', 'CEN', 'BSIT', '2021-06-23', '2021-06-23', 8, '', 'Information Technology'),
(33, '21-1112', 'Jo', 'Nah', '', 'CEN', 'BSIT', '2021-06-23', '2021-06-23', 8, '', 'Information Technology'),
(35, '21-1113', 'Cesar', 'Dauz', '', 'CEN', 'BSIT', '2021-06-23', '2021-06-23', 8, 'Jr.', 'Information Technology'),
(36, '21-1114', 'Cedy', 'Boy', '', 'CEN', 'BSIT', '2021-06-23', '2021-06-23', 8, 'Jr.', 'Information Technology'),
(37, '21-1115', 'Polo', 'Isla', '', 'CEN', 'BSIT', '2021-06-23', '2021-06-23', 8, 'Jr.', 'Information Technology'),
(38, '21-1116', 'Kevin', 'Digap', '', 'CEN', 'BSIT', '2021-06-23', '2021-06-23', 8, 'Jr.', 'Information Technology'),
(39, '21-1117', 'Kevs', 'Cruz', '', 'CEN', 'BSIT', '2021-06-23', '2021-06-23', 8, 'Jr.', 'Information Technology'),
(40, '21-1118', 'Jovs', 'Villa', '', 'CEN', 'BSIT', '2021-06-23', '2021-06-23', 8, 'Jr.', 'Information Technology'),
(41, '21-1119', 'Angelo', 'Cinense', '', 'CEN', 'BSIT', '2021-06-23', '2021-06-23', 8, 'Jr.', 'Information Technology'),
(42, '21-1120', 'Edmond', 'Villa', '', 'CEN', 'BSIT', '2021-06-23', '2021-06-23', 8, 'Jr.', 'Information Technology'),
(43, '19-0077', 'Kath', 'Manlapaz', 'M', 'CEN', 'BSIT', '2021-06-23', '2021-06-23', 8, '', 'Information Technology');

-- --------------------------------------------------------

--
-- Table structure for table `teachers`
--

CREATE TABLE `teachers` (
  `id` int(11) NOT NULL,
  `first_name` varchar(50) NOT NULL,
  `last_name` varchar(50) NOT NULL,
  `middle_initial` varchar(50) DEFAULT NULL,
  `created_at` date DEFAULT NULL,
  `updated_at` date DEFAULT NULL,
  `college` varchar(50) DEFAULT NULL,
  `department` varchar(50) DEFAULT NULL,
  `account_id` int(11) NOT NULL,
  `ex` varchar(20) DEFAULT NULL
) ENGINE=InnoDB DEFAULT CHARSET=utf8mb4;

--
-- Dumping data for table `teachers`
--

INSERT INTO `teachers` (`id`, `first_name`, `last_name`, `middle_initial`, `created_at`, `updated_at`, `college`, `department`, `account_id`, `ex`) VALUES
(9, 'Nemesio', 'Macabale', 'A.', '2021-06-05', '2021-06-23', 'CEN', 'Information Technology', 19, 'Jr.'),
(10, 'Xylyn Joy', 'Abrajano', '', '2021-06-18', '2021-06-23', 'CEN', 'Information Technology', 20, '');

--
-- Indexes for dumped tables
--

--
-- Indexes for table `accounts`
--
ALTER TABLE `accounts`
  ADD PRIMARY KEY (`id`);

--
-- Indexes for table `attendances`
--
ALTER TABLE `attendances`
  ADD PRIMARY KEY (`id`);

--
-- Indexes for table `schedules`
--
ALTER TABLE `schedules`
  ADD PRIMARY KEY (`id`);

--
-- Indexes for table `sections`
--
ALTER TABLE `sections`
  ADD PRIMARY KEY (`id`);

--
-- Indexes for table `students`
--
ALTER TABLE `students`
  ADD PRIMARY KEY (`id`);

--
-- Indexes for table `teachers`
--
ALTER TABLE `teachers`
  ADD PRIMARY KEY (`id`);

--
-- AUTO_INCREMENT for dumped tables
--

--
-- AUTO_INCREMENT for table `accounts`
--
ALTER TABLE `accounts`
  MODIFY `id` int(11) NOT NULL AUTO_INCREMENT, AUTO_INCREMENT=21;

--
-- AUTO_INCREMENT for table `attendances`
--
ALTER TABLE `attendances`
  MODIFY `id` int(11) NOT NULL AUTO_INCREMENT, AUTO_INCREMENT=297;

--
-- AUTO_INCREMENT for table `schedules`
--
ALTER TABLE `schedules`
  MODIFY `id` int(11) NOT NULL AUTO_INCREMENT, AUTO_INCREMENT=8;

--
-- AUTO_INCREMENT for table `sections`
--
ALTER TABLE `sections`
  MODIFY `id` int(11) NOT NULL AUTO_INCREMENT, AUTO_INCREMENT=9;

--
-- AUTO_INCREMENT for table `students`
--
ALTER TABLE `students`
  MODIFY `id` int(11) NOT NULL AUTO_INCREMENT, AUTO_INCREMENT=44;

--
-- AUTO_INCREMENT for table `teachers`
--
ALTER TABLE `teachers`
  MODIFY `id` int(11) NOT NULL AUTO_INCREMENT, AUTO_INCREMENT=11;
COMMIT;

/*!40101 SET CHARACTER_SET_CLIENT=@OLD_CHARACTER_SET_CLIENT */;
/*!40101 SET CHARACTER_SET_RESULTS=@OLD_CHARACTER_SET_RESULTS */;
/*!40101 SET COLLATION_CONNECTION=@OLD_COLLATION_CONNECTION */;
